{
  "Profiles": [
    {
      "ASCII Anti Aliased": true,
      "AWDS Pane Directory": "",
      "AWDS Pane Option": "Recycle",
      "AWDS Tab Directory": "",
      "AWDS Tab Option": "No",
      "AWDS Window Directory": "",
      "AWDS Window Option": "No",
      "Ambiguous Double Width": false,
      "Ansi 0 Color": {
        "Blue Component": 0.8,
        "Color Space": "sRGB",
        "Green Component": 0.8,
        "Red Component": 0.8
      },
      "Ansi 1 Color": {
        "Blue Component": 0.2392156862745098,
        "Color Space": "sRGB",
        "Green Component": 0.2392156862745098,
        "Red Component": 0.8156862745098039
      },
      "Ansi 10 Color": {
        "Blue Component": 0.0784313725490196,
        "Color Space": "sRGB",
        "Green Component": 0.807843137254902,
        "Red Component": 0.0784313725490196
      },
      "Ansi 11 Color": {
        "Blue Component": 0,
        "Color Space": "sRGB",
        "Green Component": 0.7294117647058823,
        "Red Component": 0.7098039215686275
      },
      "Ansi 12 Color": {
        "Blue Component": 0.6470588235294118,
        "Color Space": "sRGB",
        "Green Component": 0.3176470588235294,
        "Red Component": 0.0156862745098039
      },
      "Ansi 13 Color": {
        "Blue Component": 0.7372549019607844,
        "Color Space": "sRGB",
        "Green Component": 0.0196078431372549,
        "Red Component": 0.7372549019607844
      },
      "Ansi 14 Color": {
        "Blue Component": 0.7372549019607844,
        "Color Space": "sRGB",
        "Green Component": 0.596078431372549,
        "Red Component": 0.0196078431372549
      },
      "Ansi 15 Color": {
        "Blue Component": 0.4117647058823529,
        "Color Space": "sRGB",
        "Green Component": 0.3764705882352941,
        "Red Component": 0.3450980392156863
      },
      "Ansi 2 Color": {
        "Blue Component": 0.0784313725490196,
        "Color Space": "sRGB",
        "Green Component": 0.807843137254902,
        "Red Component": 0.0784313725490196
      },
      "Ansi 3 Color": {
        "Blue Component": 0,
        "Color Space": "sRGB",
        "Green Component": 0.596078431372549,
        "Red Component": 0.5803921568627451
      },
      "Ansi 4 Color": {
        "Blue Component": 0.6470588235294118,
        "Color Space": "sRGB",
        "Green Component": 0.3176470588235294,
        "Red Component": 0.0156862745098039
      },
      "Ansi 5 Color": {
        "Blue Component": 0.7372549019607844,
        "Color Space": "sRGB",
        "Green Component": 0.0196078431372549,
        "Red Component": 0.7372549019607844
      },
      "Ansi 6 Color": {
        "Blue Component": 0.7372549019607844,
        "Color Space": "sRGB",
        "Green Component": 0.596078431372549,
        "Red Component": 0.0196078431372549
      },
      "Ansi 7 Color": {
        "Blue Component": 0.4,
        "Color Space": "sRGB",
        "Green Component": 0.4,
        "Red Component": 0.4
      },
      "Ansi 8 Color": {
        "Blue Component": 0.4,
        "Color Space": "sRGB",
        "Green Component": 0.4,
        "Red Component": 0.4
      },
      "Ansi 9 Color": {
        "Blue Component": 0.1921568627450981,
        "Color Space": "sRGB",
        "Green Component": 0.1921568627450981,
        "Red Component": 0.803921568627451
      },
      "BM Growl": false,
      "Background Color": {
        "Blue Component": 1,
        "Color Space": "sRGB",
        "Green Component": 1,
        "Red Component": 1
      },
      "Background Image Location": "",
      "Badge Color": {
        "Alpha Component": 0.5,
        "Blue Component": 0,
        "Color Space": "sRGB",
        "Green Component": 0.1491314172744751,
        "Red Component": 1
      },
      "Blinking Cursor": false,
      "Blur": false,
      "Bold Color": {
        "Blue Component": 0.1803921568627451,
        "Color Space": "sRGB",
        "Green Component": 0.1607843137254902,
        "Red Component": 0.1411764705882353
      },
      "Bound Hosts": [],
      "Brighten Bold Text": true,
      "Character Encoding": 4,
      "Close Sessions On End": true,
      "Columns": 95,
      "Command": "",
      "Cursor Color": {
        "Blue Component": 0.5372549019607843,
        "Color Space": "sRGB",
        "Green Component": 0.2588235294117647,
        "Red Component": 0.0156862745098039
      },
      "Cursor Guide Color": {
        "Alpha Component": 0.25,
        "Blue Component": 1,
        "Color Space": "sRGB",
        "Green Component": 0.9268307089805603,
        "Red Component": 0.7021318674087524
      },
      "Cursor Text Color": {
        "Blue Component": 1,
        "Color Space": "sRGB",
        "Green Component": 1,
        "Red Component": 1
      },
      "Cursor Type": 2,
      "Custom Command": "No",
      "Custom Directory": "Advanced",
      "Default Bookmark": "No",
      "Description": "Default (dynamic)",
      "Disable Window Resizing": true,
      "Flashing Bell": false,
      "Foreground Color": {
        "Blue Component": 0.1803921568627451,
        "Color Space": "sRGB",
        "Green Component": 0.1607843137254902,
        "Red Component": 0.1411764705882353
      },
      "Guid": "D838DDF8-2CDA-44ED-90F4-A5EC67974E91",
      "Has Hotkey": false,
      "Horizontal Spacing": 1,
      "Idle Code": 0,
      "Initial Use Transparency": false,
      "Jobs to Ignore": [
        "rlogin",
        "ssh",
        "slogin",
        "telnet"
      ],
      "Keyboard Map": {},
      "Link Color": {
        "Alpha Component": 1,
        "Blue Component": 0.734233021736145,
        "Color Space": "sRGB",
        "Green Component": 0.3591606020927429,
        "Red Component": 0
      },
      "Mouse Reporting": true,
      "Name": "Default (dynamic)",
      "Non Ascii Font": "Monaco 12",
      "Non-ASCII Anti Aliased": true,
      "Normal Font": "BlexMonoNerdFontCompleteM-Text 14",
      "Option Key Sends": 0,
      "Prompt Before Closing 2": false,
      "Right Option Key Sends": 2,
      "Rows": 25,
      "Screen": -1,
      "Scrollback Lines": 0,
      "Selected Text Color": {
        "Blue Component": 0.1803921568627451,
        "Color Space": "sRGB",
        "Green Component": 0.1607843137254902,
        "Red Component": 0.1411764705882353
      },
      "Selection Color": {
        "Blue Component": 0.9764705882352941,
        "Color Space": "sRGB",
        "Green Component": 0.9137254901960784,
        "Red Component": 0.8588235294117647
      },
      "Send Code When Idle": false,
      "Shortcut": "",
      "Show Mark Indicators": false,
      "Show Status Bar": true,
      "Silence Bell": true,
      "Status Bar Layout": {
        "advanced configuration": {
          "algorithm": 1,
          "auto-rainbow style": 3,
          "font": ".AppleSystemUIFont 12",
          "remove empty components": false
        },
        "components": [
          {
            "class": "iTermStatusBarSpringComponent",
            "configuration": {
              "knobs": {
                "base: compression resistance": 1,
                "base: priority": 5,
                "iTermStatusBarSpringComponentSizeMultipleKey": 1,
                "iTermStatusBarSpringComponentSpringConstantKey": 0.01,
                "shared text color": {
                  "Alpha Component": 1,
                  "Blue Component": 0.25,
                  "Color Space": "sRGB",
                  "Green Component": 0.25,
                  "Red Component": 0.5
                }
              },
              "layout advanced configuration dictionary value": {
                "algorithm": 1,
                "auto-rainbow style": 3,
                "font": ".AppleSystemUIFont 12",
                "remove empty components": false
              }
            }
          },
          {
            "class": "iTermStatusBarCPUUtilizationComponent",
            "configuration": {
              "knobs": {
                "base: priority": 5,